file,material_index,material_name,slot,surface
pistol_lowpoly(2).glb,0,metal.002,1,blued_gunmetal
pistol_lowpoly(2).glb,1,tan.002,4,coyote_polymer
pistol_lowpoly(2).glb,2,edge.002,2,worn_steel
pistol_lowpoly(2).glb,3,black.002,3,black_polymer
shotgun_lowpoly.glb,0,metal.003,1,blued_gunmetal
shotgun_lowpoly.glb,1,edge.003,2,worn_steel
shotgun_lowpoly.glb,2,black.003,3,black_polymer
shotgun_lowpoly.glb,3,tan.003,4,coyote_polymer
uzi_lowpoly.glb,0,metal.001,1,blued_gunmetal
uzi_lowpoly.glb,1,edge.001,2,worn_steel
uzi_lowpoly.glb,2,black.001,3,black_polymer
uzi_lowpoly.glb,3,tan.001,4,coyote_polymer
six_chamber_launcher_lowpoly.glb,0,gunmetal,1,blued_gunmetal
six_chamber_launcher_lowpoly.glb,1,edges,2,worn_steel
six_chamber_launcher_lowpoly.glb,2,black.004,3,black_polymer
six_chamber_launcher_lowpoly.glb,3,tan.004,4,coyote_polymer
six_chamber_launcher_lowpoly.glb,4,olive,5,olive_paint
six_chamber_launcher_lowpoly.glb,5,dark_holes,3,black_polymer
ak_rifle_lowpoly.glb,0,gunmetal,1,blued_gunmetal
ak_rifle_lowpoly.glb,1,edges,2,worn_steel
ak_rifle_lowpoly.glb,2,black,3,black_polymer
ak_rifle_lowpoly.glb,3,tan,4,coyote_polymer
ak_rifle_lowpoly.glb,4,olive,5,olive_paint
ak_rifle_lowpoly.glb,5,walnut,6,walnut
ak_rifle_lowpoly.glb,6,cordura,7,cordura
ak_rifle_lowpoly.glb,7,brass,8,brass
aviation_minigun_lowpoly.glb,0,gunmetal,1,blued_gunmetal
aviation_minigun_lowpoly.glb,1,edges,2,worn_steel
aviation_minigun_lowpoly.glb,2,black,3,black_polymer
aviation_minigun_lowpoly.glb,3,tan,4,coyote_polymer
aviation_minigun_lowpoly.glb,4,olive,5,olive_paint
aviation_minigun_lowpoly.glb,5,walnut,6,walnut
aviation_minigun_lowpoly.glb,6,cordura,7,cordura
aviation_minigun_lowpoly.glb,7,brass,8,brass
m4_rifle_lowpoly.glb,0,gunmetal,1,blued_gunmetal
m4_rifle_lowpoly.glb,1,edges,2,worn_steel
m4_rifle_lowpoly.glb,2,black,3,black_polymer
m4_rifle_lowpoly.glb,3,tan,4,coyote_polymer
m4_rifle_lowpoly.glb,4,olive,5,olive_paint
m4_rifle_lowpoly.glb,5,walnut,6,walnut
m4_rifle_lowpoly.glb,6,cordura,7,cordura
m4_rifle_lowpoly.glb,7,brass,8,brass
minigun_ammo_backpack_lowpoly.glb,0,gunmetal,1,blued_gunmetal
minigun_ammo_backpack_lowpoly.glb,1,edges,2,worn_steel
minigun_ammo_backpack_lowpoly.glb,2,black,3,black_polymer
minigun_ammo_backpack_lowpoly.glb,3,tan,4,coyote_polymer
minigun_ammo_backpack_lowpoly.glb,4,olive,5,olive_paint
minigun_ammo_backpack_lowpoly.glb,5,walnut,6,walnut
minigun_ammo_backpack_lowpoly.glb,6,cordura,7,cordura
minigun_ammo_backpack_lowpoly.glb,7,brass,8,brass
sniper_rifle_lowpoly.glb,0,gunmetal,1,blued_gunmetal
sniper_rifle_lowpoly.glb,1,edges,2,worn_steel
sniper_rifle_lowpoly.glb,2,black,3,black_polymer
sniper_rifle_lowpoly.glb,3,tan,4,coyote_polymer
sniper_rifle_lowpoly.glb,4,olive,5,olive_paint
sniper_rifle_lowpoly.glb,5,walnut,6,walnut
sniper_rifle_lowpoly.glb,6,cordura,7,cordura
sniper_rifle_lowpoly.glb,7,brass,8,brass
